"date","time","metro","population","variable","value","valueNorm"
2020-01-01,0,"Philadelphia",1584064,"cases",0,0
2020-01-02,1,"Philadelphia",1584064,"cases",0,0
2020-01-03,2,"Philadelphia",1584064,"cases",0,0
2020-01-04,3,"Philadelphia",1584064,"cases",0,0
2020-01-05,4,"Philadelphia",1584064,"cases",0,0
2020-01-06,5,"Philadelphia",1584064,"cases",0,0
2020-01-07,6,"Philadelphia",1584064,"cases",0,0
2020-01-08,7,"Philadelphia",1584064,"cases",0,0
2020-01-09,8,"Philadelphia",1584064,"cases",0,0
2020-01-10,9,"Philadelphia",1584064,"cases",0,0
2020-01-11,10,"Philadelphia",1584064,"cases",0,0
2020-01-12,11,"Philadelphia",1584064,"cases",0,0
2020-01-13,12,"Philadelphia",1584064,"cases",0,0
2020-01-14,13,"Philadelphia",1584064,"cases",0,0
2020-01-15,14,"Philadelphia",1584064,"cases",0,0
2020-01-16,15,"Philadelphia",1584064,"cases",0,0
2020-01-17,16,"Philadelphia",1584064,"cases",0,0
2020-01-18,17,"Philadelphia",1584064,"cases",0,0
2020-01-19,18,"Philadelphia",1584064,"cases",0,0
2020-01-20,19,"Philadelphia",1584064,"cases",0,0
2020-01-21,20,"Philadelphia",1584064,"cases",0,0
2020-01-22,21,"Philadelphia",1584064,"cases",0,0
2020-01-23,22,"Philadelphia",1584064,"cases",0,0
2020-01-24,23,"Philadelphia",1584064,"cases",0,0
2020-01-25,24,"Philadelphia",1584064,"cases",0,0
2020-01-26,25,"Philadelphia",1584064,"cases",0,0
2020-01-27,26,"Philadelphia",1584064,"cases",0,0
2020-01-28,27,"Philadelphia",1584064,"cases",0,0
2020-01-29,28,"Philadelphia",1584064,"cases",0,0
2020-01-30,29,"Philadelphia",1584064,"cases",0,0
2020-01-31,30,"Philadelphia",1584064,"cases",0,0
2020-02-01,31,"Philadelphia",1584064,"cases",0,0
2020-02-02,32,"Philadelphia",1584064,"cases",0,0
2020-02-03,33,"Philadelphia",1584064,"cases",0,0
2020-02-04,34,"Philadelphia",1584064,"cases",0,0
2020-02-05,35,"Philadelphia",1584064,"cases",0,0
2020-02-06,36,"Philadelphia",1584064,"cases",0,0
2020-02-07,37,"Philadelphia",1584064,"cases",0,0
2020-02-08,38,"Philadelphia",1584064,"cases",0,0
2020-02-09,39,"Philadelphia",1584064,"cases",0,0
2020-02-10,40,"Philadelphia",1584064,"cases",0,0
2020-02-11,41,"Philadelphia",1584064,"cases",0,0
2020-02-12,42,"Philadelphia",1584064,"cases",0,0
2020-02-13,43,"Philadelphia",1584064,"cases",0,0
2020-02-14,44,"Philadelphia",1584064,"cases",0,0
2020-02-15,45,"Philadelphia",1584064,"cases",0,0
2020-02-16,46,"Philadelphia",1584064,"cases",0,0
2020-02-17,47,"Philadelphia",1584064,"cases",0,0
2020-02-18,48,"Philadelphia",1584064,"cases",0,0
2020-02-19,49,"Philadelphia",1584064,"cases",0,0
2020-02-20,50,"Philadelphia",1584064,"cases",0,0
2020-02-21,51,"Philadelphia",1584064,"cases",0,0
2020-02-22,52,"Philadelphia",1584064,"cases",0,0
2020-02-23,53,"Philadelphia",1584064,"cases",0,0
2020-02-24,54,"Philadelphia",1584064,"cases",0,0
2020-02-25,55,"Philadelphia",1584064,"cases",0,0
2020-02-26,56,"Philadelphia",1584064,"cases",0,0
2020-02-27,57,"Philadelphia",1584064,"cases",0,0
2020-02-28,58,"Philadelphia",1584064,"cases",0,0
2020-02-29,59,"Philadelphia",1584064,"cases",0,0
2020-03-01,60,"Philadelphia",1584064,"cases",0,0
2020-03-02,61,"Philadelphia",1584064,"cases",0,0
2020-03-03,62,"Philadelphia",1584064,"cases",0,0
2020-03-04,63,"Philadelphia",1584064,"cases",0,0
2020-03-05,64,"Philadelphia",1584064,"cases",0,0
2020-03-06,65,"Philadelphia",1584064,"cases",0,0
2020-03-07,66,"Philadelphia",1584064,"cases",0.142857142857143,0.0901839463917764
2020-03-08,67,"Philadelphia",1584064,"cases",0.142857142857143,0.0901839463917764
2020-03-09,68,"Philadelphia",1584064,"cases",0.142857142857143,0.0901839463917764
2020-03-10,69,"Philadelphia",1584064,"cases",0.428571428571429,0.270551839175329
2020-03-11,70,"Philadelphia",1584064,"cases",0.571428571428571,0.360735785567105
2020-03-12,71,"Philadelphia",1584064,"cases",1.14285714285714,0.721471571134211
2020-03-13,72,"Philadelphia",1584064,"cases",1.14285714285714,0.721471571134211
2020-03-14,73,"Philadelphia",1584064,"cases",1.28571428571429,0.811655517525988
2020-03-15,74,"Philadelphia",1584064,"cases",2.28571428571429,1.44294314226842
2020-03-16,75,"Philadelphia",1584064,"cases",4.57142857142857,2.88588628453684
2020-03-17,76,"Philadelphia",1584064,"cases",5.57142857142857,3.51717390927928
2020-03-18,77,"Philadelphia",1584064,"cases",9.28571428571429,5.86195651546547
2020-03-19,78,"Philadelphia",1584064,"cases",11.8571428571429,7.48526755051744
2020-03-20,79,"Philadelphia",1584064,"cases",17.1428571428571,10.8220735670132
2020-03-21,80,"Philadelphia",1584064,"cases",23.8571428571429,15.0607190474267
2020-03-22,81,"Philadelphia",1584064,"cases",34.2857142857143,21.6441471340263
2020-03-23,82,"Philadelphia",1584064,"cases",52.7142857142857,33.2778762185655
2020-03-24,83,"Philadelphia",1584064,"cases",69.7142857142857,44.0097658391869
2020-03-25,84,"Philadelphia",1584064,"cases",91.4285714285714,57.7177256907369
2020-03-26,85,"Philadelphia",1584064,"cases",110.571428571429,69.8023745072349
2020-03-27,86,"Philadelphia",1584064,"cases",134.857142857143,85.1336453938369
2020-03-28,87,"Philadelphia",1584064,"cases",162.571428571429,102.629330993842
2020-03-29,88,"Philadelphia",1584064,"cases",174.428571428571,110.114598544359
2020-03-30,89,"Philadelphia",1584064,"cases",207.142857142857,130.766722268076
2020-03-31,90,"Philadelphia",1584064,"cases",250.571428571429,158.182641971176
2020-04-01,91,"Philadelphia",1584064,"cases",271.571428571429,171.439682090767
2020-04-02,92,"Philadelphia",1584064,"cases",324.285714285714,204.717558309332
2020-04-03,93,"Philadelphia",1584064,"cases",362.714285714286,228.97703988872
2020-04-04,94,"Philadelphia",1584064,"cases",385.285714285714,243.226103418621
2020-04-05,95,"Philadelphia",1584064,"cases",425.428571428571,268.56779235471
2020-04-06,96,"Philadelphia",1584064,"cases",453.857142857143,286.514397686674
2020-04-07,97,"Philadelphia",1584064,"cases",462.428571428571,291.92543447018
2020-04-08,98,"Philadelphia",1584064,"cases",487.428571428571,307.707625088741
2020-04-09,99,"Philadelphia",1584064,"cases",459.571428571429,290.121755542345
2020-04-10,100,"Philadelphia",1584064,"cases",457,288.498444507293
2020-04-11,101,"Philadelphia",1584064,"cases",445.428571428571,281.193544849559
2020-04-12,102,"Philadelphia",1584064,"cases",426.428571428571,269.199079979453
2020-04-13,103,"Philadelphia",1584064,"cases",430.857142857143,271.994782317598
2020-04-14,104,"Philadelphia",1584064,"cases",434.571428571429,274.339564923784
2020-04-15,105,"Philadelphia",1584064,"cases",427.428571428571,269.830367604195
2020-04-16,106,"Philadelphia",1584064,"cases",408.857142857143,258.106454573264
2020-04-17,107,"Philadelphia",1584064,"cases",391.857142857143,247.374564952643
2020-04-18,108,"Philadelphia",1584064,"cases",414,261.353076643368
2020-04-19,109,"Philadelphia",1584064,"cases",457.428571428571,288.768996346468
2020-04-20,110,"Philadelphia",1584064,"cases",454.428571428571,286.875133472241
2020-04-21,111,"Philadelphia",1584064,"cases",473.428571428571,298.869598342347
2020-04-22,112,"Philadelphia",1584064,"cases",473.571428571429,298.959782288739
2020-04-23,113,"Philadelphia",1584064,"cases",478.857142857143,302.296588305234
2020-04-24,114,"Philadelphia",1584064,"cases",473.571428571429,298.959782288739
2020-04-25,115,"Philadelphia",1584064,"cases",488.142857142857,308.1585448207
2020-04-26,116,"Philadelphia",1584064,"cases",400.285714285714,252.695417789757
2020-04-27,117,"Philadelphia",1584064,"cases",463.142857142857,292.376354202139
2020-04-28,118,"Philadelphia",1584064,"cases",465.714285714286,293.999665237191
2020-04-29,119,"Philadelphia",1584064,"cases",456.857142857143,288.408260560901
2020-04-30,120,"Philadelphia",1584064,"cases",469.714285714286,296.524815736161
2020-05-01,121,"Philadelphia",1584064,"cases",453.142857142857,286.063477954715
2020-05-02,122,"Philadelphia",1584064,"cases",423.571428571429,267.395401051617
2020-05-03,123,"Philadelphia",1584064,"cases",464.571428571429,293.278193666057
2020-05-04,124,"Philadelphia",1584064,"cases",368.428571428571,232.584397744391
2020-05-05,125,"Philadelphia",1584064,"cases",340,214.637792412428
2020-05-06,126,"Philadelphia",1584064,"cases",336.285714285714,212.293009806242
2020-05-07,127,"Philadelphia",1584064,"cases",336.714285714286,212.563561645417
2020-05-08,128,"Philadelphia",1584064,"cases",324.714285714286,204.988110148508
2020-05-09,129,"Philadelphia",1584064,"cases",303.857142857143,191.821253975308
2020-05-10,130,"Philadelphia",1584064,"cases",297.428571428571,187.762976387678
2020-05-11,131,"Philadelphia",1584064,"cases",292.285714285714,184.516354317574
2020-05-12,132,"Philadelphia",1584064,"cases",261.714285714286,165.216989789734
2020-05-13,133,"Philadelphia",1584064,"cases",246.428571428571,155.567307525814
2020-05-14,134,"Philadelphia",1584064,"cases",199.285714285714,125.806605216528
2020-05-15,135,"Philadelphia",1584064,"cases",233.857142857143,147.631120243338
2020-05-16,136,"Philadelphia",1584064,"cases",227.428571428571,143.572842655708
2020-05-17,137,"Philadelphia",1584064,"cases",225.714285714286,142.490635299007
2020-05-18,138,"Philadelphia",1584064,"cases",229.571428571429,144.925601851585
2020-05-19,139,"Philadelphia",1584064,"cases",237.142857142857,149.705351010349
2020-05-20,140,"Philadelphia",1584064,"cases",232.571428571429,146.819464725812
2020-05-21,141,"Philadelphia",1584064,"cases",232.571428571429,146.819464725812
2020-05-22,142,"Philadelphia",1584064,"cases",241.571428571429,152.501053348494
2020-05-23,143,"Philadelphia",1584064,"cases",229.857142857143,145.105969744368
2020-05-24,144,"Philadelphia",1584064,"cases",230.857142857143,145.737257369111
2020-05-25,145,"Philadelphia",1584064,"cases",207.142857142857,130.766722268076
2020-05-26,146,"Philadelphia",1584064,"cases",199.428571428571,125.89678916292
2020-05-27,147,"Philadelphia",1584064,"cases",199.285714285714,125.806605216528
2020-05-28,148,"Philadelphia",1584064,"cases",199.285714285714,125.806605216528
2020-05-29,149,"Philadelphia",1584064,"cases",177.142857142857,111.828093525803
2020-05-30,150,"Philadelphia",1584064,"cases",185.142857142857,116.878394523742
2020-05-31,151,"Philadelphia",1584064,"cases",169.285714285714,106.867976474255
2020-06-01,152,"Philadelphia",1584064,"cases",161.571428571429,101.998043369099
2020-06-02,153,"Philadelphia",1584064,"cases",143.142857142857,90.3643142845599
2020-06-03,154,"Philadelphia",1584064,"cases",128.571428571429,81.1655517525987
2020-06-04,155,"Philadelphia",1584064,"cases",128.571428571429,81.1655517525987
2020-06-05,156,"Philadelphia",1584064,"cases",115.714285714286,73.0489965773389
2020-06-06,157,"Philadelphia",1584064,"cases",112.571428571429,71.0649497567198
2020-06-07,158,"Philadelphia",1584064,"cases",113,71.3355015958951
2020-06-08,159,"Philadelphia",1584064,"cases",118,74.4919397196073
2020-06-09,160,"Philadelphia",1584064,"cases",117.285714285714,74.0410199876484
2020-06-10,161,"Philadelphia",1584064,"cases",115.571428571429,72.9588126309471
2020-06-11,162,"Philadelphia",1584064,"cases",115.571428571429,72.9588126309471
2020-06-12,163,"Philadelphia",1584064,"cases",112,70.7042139711527
2020-06-13,164,"Philadelphia",1584064,"cases",109.857142857143,69.351454775276
2020-06-14,165,"Philadelphia",1584064,"cases",100.571428571429,63.4894982598106
2020-06-15,166,"Philadelphia",1584064,"cases",88,55.5533109773342
2020-06-16,167,"Philadelphia",1584064,"cases",87.5714285714286,55.2827591381589
2020-06-17,168,"Philadelphia",1584064,"cases",71.8571428571429,45.3625250350635
2020-06-18,169,"Philadelphia",1584064,"cases",71.8571428571429,45.3625250350635
2020-06-19,170,"Philadelphia",1584064,"cases",91.5714285714286,57.8079096371287
2020-06-20,171,"Philadelphia",1584064,"cases",106.285714285714,67.0968561154816
2020-06-21,172,"Philadelphia",1584064,"cases",112.571428571429,71.0649497567198
2020-06-22,173,"Philadelphia",1584064,"cases",102.857142857143,64.932441402079
2020-06-23,174,"Philadelphia",1584064,"cases",121.714285714286,76.8367223257935
2020-06-24,175,"Philadelphia",1584064,"cases",121.714285714286,76.8367223257935
2020-06-25,176,"Philadelphia",1584064,"cases",121.714285714286,76.8367223257935
2020-06-26,177,"Philadelphia",1584064,"cases",125,78.9109530928043
2020-06-27,178,"Philadelphia",1584064,"cases",114,71.9667892206376
2020-06-28,179,"Philadelphia",1584064,"cases",116.285714285714,73.409732362906
2020-06-29,180,"Philadelphia",1584064,"cases",136.714285714286,86.30603669693
2020-06-30,181,"Philadelphia",1584064,"cases",120.428571428571,76.0250668082675
2020-07-01,182,"Philadelphia",1584064,"cases",124.571428571429,78.640401253629
2020-07-02,183,"Philadelphia",1584064,"cases",124.571428571429,78.640401253629
2020-07-03,184,"Philadelphia",1584064,"cases",117,73.8606520948649
2020-07-04,185,"Philadelphia",1584064,"cases",109.714285714286,69.2612708288842
2020-07-05,186,"Philadelphia",1584064,"cases",101.714285714286,64.2109698309448
2020-07-06,187,"Philadelphia",1584064,"cases",118.285714285714,74.6723076123909
2020-07-07,188,"Philadelphia",1584064,"cases",115,72.59807684538
2020-07-08,189,"Philadelphia",1584064,"cases",114.571428571429,72.3275250062047
2020-07-09,190,"Philadelphia",1584064,"cases",114.571428571429,72.3275250062047
2020-07-10,191,"Philadelphia",1584064,"cases",109.285714285714,68.9907189897089
2020-07-11,192,"Philadelphia",1584064,"cases",117.428571428571,74.1312039340402
2020-07-12,193,"Philadelphia",1584064,"cases",128.285714285714,80.9851838598152
2020-07-13,194,"Philadelphia",1584064,"cases",113.714285714286,71.786421327854
2020-07-14,195,"Philadelphia",1584064,"cases",116.857142857143,73.7704681484731
2020-07-15,196,"Philadelphia",1584064,"cases",118.428571428571,74.7624915587826
2020-07-16,197,"Philadelphia",1584064,"cases",118.428571428571,74.7624915587826
2020-07-17,198,"Philadelphia",1584064,"cases",145.285714285714,91.7170734804366
2020-07-18,199,"Philadelphia",1584064,"cases",145.571428571429,91.8974413732201
2020-07-19,200,"Philadelphia",1584064,"cases",143.857142857143,90.8152340165188
2020-07-20,201,"Philadelphia",1584064,"cases",154,97.2182942103349
2020-07-21,202,"Philadelphia",1584064,"cases",163.428571428571,103.170434672192
2020-07-22,203,"Philadelphia",1584064,"cases",158.142857142857,99.8336286556964
2020-07-23,204,"Philadelphia",1584064,"cases",158.142857142857,99.8336286556964
2020-07-24,205,"Philadelphia",1584064,"cases",173,109.212759080441
2020-07-25,206,"Philadelphia",1584064,"cases",171.857142857143,108.491287509307
2020-07-26,207,"Philadelphia",1584064,"cases",171.857142857143,108.491287509307
2020-07-27,208,"Philadelphia",1584064,"cases",158.714285714286,100.194364441264
2020-07-28,209,"Philadelphia",1584064,"cases",150.142857142857,94.783327657757
2020-07-29,210,"Philadelphia",1584064,"cases",150.142857142857,94.783327657757
2020-07-30,211,"Philadelphia",1584064,"cases",150.142857142857,94.783327657757
2020-07-31,212,"Philadelphia",1584064,"cases",123.142857142857,77.7385617897112
2020-08-01,213,"Philadelphia",1584064,"cases",118,74.4919397196073
2020-08-02,214,"Philadelphia",1584064,"cases",114.285714285714,72.1471571134211
2020-08-03,215,"Philadelphia",1584064,"cases",110.428571428571,69.7121905608431
2020-08-04,216,"Philadelphia",1584064,"cases",109.428571428571,69.0809029361007
2020-08-05,217,"Philadelphia",1584064,"cases",109.428571428571,69.0809029361007
2020-08-06,218,"Philadelphia",1584064,"cases",109.428571428571,69.0809029361007
2020-08-07,219,"Philadelphia",1584064,"cases",111.857142857143,70.6140300247609
2020-08-08,220,"Philadelphia",1584064,"cases",116.142857142857,73.3195484165142
2020-08-09,221,"Philadelphia",1584064,"cases",121.142857142857,76.4759865402264
2020-08-10,222,"Philadelphia",1584064,"cases",132,83.3299664660014
2020-08-11,223,"Philadelphia",1584064,"cases",133.857142857143,84.5023577690945
2020-08-12,224,"Philadelphia",1584064,"cases",152.285714285714,96.1360868536336
2020-08-13,225,"Philadelphia",1584064,"cases",152.285714285714,96.1360868536336
2020-08-14,226,"Philadelphia",1584064,"cases",128.571428571429,81.1655517525987
2020-08-15,227,"Philadelphia",1584064,"cases",121.142857142857,76.4759865402264
2020-08-16,228,"Philadelphia",1584064,"cases",120.571428571429,76.1152507546593
2020-08-17,229,"Philadelphia",1584064,"cases",109.142857142857,68.9005350433171
2020-08-18,230,"Philadelphia",1584064,"cases",104.857142857143,66.1950166515639
2020-08-19,231,"Philadelphia",1584064,"cases",107.142857142857,67.6379597938323
2020-08-20,232,"Philadelphia",1584064,"cases",107.142857142857,67.6379597938323
2020-08-21,233,"Philadelphia",1584064,"cases",100.857142857143,63.6698661525941
2020-08-22,234,"Philadelphia",1584064,"cases",101,63.7600500989859
2020-08-23,235,"Philadelphia",1584064,"cases",98,61.8661872247586
2020-08-24,236,"Philadelphia",1584064,"cases",95.5714285714286,60.3330601360984
2020-08-25,237,"Philadelphia",1584064,"cases",100.571428571429,63.4894982598106
2020-08-26,238,"Philadelphia",1584064,"cases",95.8571428571429,60.513428028882
2020-08-27,239,"Philadelphia",1584064,"cases",95.8571428571429,60.513428028882
2020-08-28,240,"Philadelphia",1584064,"cases",103.428571428571,65.2931771876461
2020-08-29,241,"Philadelphia",1584064,"cases",110,69.4416387216678
2020-08-30,242,"Philadelphia",1584064,"cases",127,80.1735283422892
2020-08-31,243,"Philadelphia",1584064,"cases",138.285714285714,87.2980601072395
2020-09-01,244,"Philadelphia",1584064,"cases",135.714285714286,85.6747490721876
2020-09-02,245,"Philadelphia",1584064,"cases",119.714285714286,75.5741470763086
2020-09-03,246,"Philadelphia",1584064,"cases",119.714285714286,75.5741470763086
2020-09-04,247,"Philadelphia",1584064,"cases",131.571428571429,83.0594146268261
2020-09-05,248,"Philadelphia",1584064,"cases",119,75.1232273443497
2020-09-06,249,"Philadelphia",1584064,"cases",85.4285714285714,53.9299999422823
2020-09-07,250,"Philadelphia",1584064,"cases",82.2857142857143,51.9459531216632
2020-09-08,251,"Philadelphia",1584064,"cases",77.2857142857143,48.789514997951
2020-09-09,252,"Philadelphia",1584064,"cases",92.7142857142857,58.5293812082629
2020-09-10,253,"Philadelphia",1584064,"cases",92.7142857142857,58.5293812082629
2020-09-11,254,"Philadelphia",1584064,"cases",79.7142857142857,50.3226420866112
2020-09-12,255,"Philadelphia",1584064,"cases",86,54.2907357278494
2020-09-13,256,"Philadelphia",1584064,"cases",99.8571428571429,63.0385785278517
2020-09-14,257,"Philadelphia",1584064,"cases",91.7142857142857,57.8980935835204
2020-09-15,258,"Philadelphia",1584064,"cases",85.2857142857143,53.8398159958905
2020-09-16,259,"Philadelphia",1584064,"cases",69.8571428571429,44.0999497855787
2020-09-17,260,"Philadelphia",1584064,"cases",69.8571428571429,44.0999497855787
2020-09-18,261,"Philadelphia",1584064,"cases",81.1428571428571,51.224481550529
2020-09-19,262,"Philadelphia",1584064,"cases",79.5714285714286,50.2324581402194
2020-09-20,263,"Philadelphia",1584064,"cases",80.4285714285714,50.7735618185701
2020-09-21,264,"Philadelphia",1584064,"cases",83.2857142857143,52.5772407464056
2020-09-22,265,"Philadelphia",1584064,"cases",86.2857142857143,54.4711036206329
2020-09-23,266,"Philadelphia",1584064,"cases",86.2857142857143,54.4711036206329
2020-09-24,267,"Philadelphia",1584064,"cases",86.2857142857143,54.4711036206329
2020-09-25,268,"Philadelphia",1584064,"cases",89.5714285714286,56.5453343876438
2020-09-26,269,"Philadelphia",1584064,"cases",166.571428571429,105.154481492811
2020-09-27,270,"Philadelphia",1584064,"cases",174.571428571429,110.204782490751
2020-09-28,271,"Philadelphia",1584064,"cases",178.428571428571,112.639749043329
2020-09-29,272,"Philadelphia",1584064,"cases",187.857142857143,118.591889505186
2020-09-30,273,"Philadelphia",1584064,"cases",187.857142857143,118.591889505186
2020-10-01,274,"Philadelphia",1584064,"cases",187.857142857143,118.591889505186
2020-10-02,275,"Philadelphia",1584064,"cases",193.571428571429,122.199247360857
2020-10-03,276,"Philadelphia",1584064,"cases",145.142857142857,91.6268895340448
2020-10-04,277,"Philadelphia",1584064,"cases",148.285714285714,93.6109363546639
2020-10-05,278,"Philadelphia",1584064,"cases",164.857142857143,104.07227413611
2020-10-06,279,"Philadelphia",1584064,"cases",180.714285714286,114.082692185597
2020-10-07,280,"Philadelphia",1584064,"cases",180.714285714286,114.082692185597
2020-10-08,281,"Philadelphia",1584064,"cases",180.714285714286,114.082692185597
2020-10-09,282,"Philadelphia",1584064,"cases",137.142857142857,86.5765885361053
2020-10-10,283,"Philadelphia",1584064,"cases",190,119.944648701063
2020-10-11,284,"Philadelphia",1584064,"cases",203.857142857143,128.692491501065
2020-10-12,285,"Philadelphia",1584064,"cases",193.571428571429,122.199247360857
2020-10-13,286,"Philadelphia",1584064,"cases",201.714285714286,127.339732305188
2020-10-14,287,"Philadelphia",1584064,"cases",201.714285714286,127.339732305188
2020-10-15,288,"Philadelphia",1584064,"cases",201.714285714286,127.339732305188
2020-10-16,289,"Philadelphia",1584064,"cases",290.857142857143,183.614514853657
2020-10-17,290,"Philadelphia",1584064,"cases",240.142857142857,151.599213884576
2020-10-18,291,"Philadelphia",1584064,"cases",233.142857142857,147.180200511379
2020-10-19,292,"Philadelphia",1584064,"cases",241.571428571429,152.501053348494
2020-10-20,293,"Philadelphia",1584064,"cases",256.142857142857,161.699815880455
2020-10-21,294,"Philadelphia",1584064,"cases",256.142857142857,161.699815880455
2020-10-22,295,"Philadelphia",1584064,"cases",256.142857142857,161.699815880455
2020-10-23,296,"Philadelphia",1584064,"cases",314.285714285714,198.404682061908
2020-10-24,297,"Philadelphia",1584064,"cases",324.428571428571,204.807742255724
2020-10-25,298,"Philadelphia",1584064,"cases",345.285714285714,217.974598428923
2020-10-26,299,"Philadelphia",1584064,"cases",368.285714285714,232.494213797999
2020-10-27,300,"Philadelphia",1584064,"cases",361.857142857143,228.43593621037
2020-10-28,301,"Philadelphia",1584064,"cases",361.857142857143,228.43593621037
2020-10-29,302,"Philadelphia",1584064,"cases",361.857142857143,228.43593621037
2020-10-30,303,"Philadelphia",1584064,"cases",349.714285714286,220.770300767069
2020-10-31,304,"Philadelphia",1584064,"cases",389.714285714286,246.021805756766
2020-11-01,305,"Philadelphia",1584064,"cases",392.714285714286,247.915668630993
2020-11-02,306,"Philadelphia",1584064,"cases",396.857142857143,250.531003076355
2020-11-03,307,"Philadelphia",1584064,"cases",452.857142857143,285.883110061931
2020-11-04,308,"Philadelphia",1584064,"cases",452.857142857143,285.883110061931
2020-11-05,309,"Philadelphia",1584064,"cases",452.857142857143,285.883110061931
2020-11-06,310,"Philadelphia",1584064,"cases",572.142857142857,361.186705299064
2020-11-07,311,"Philadelphia",1584064,"cases",608.714285714286,384.273795575359
2020-11-08,312,"Philadelphia",1584064,"cases",552.142857142857,348.560952804216
2020-11-09,313,"Philadelphia",1584064,"cases",656.571428571429,414.485417616604
2020-11-10,314,"Philadelphia",1584064,"cases",721.142857142857,455.248561385687
2020-11-11,315,"Philadelphia",1584064,"cases",721.142857142857,455.248561385687
2020-11-12,316,"Philadelphia",1584064,"cases",721.142857142857,455.248561385687
2020-11-13,317,"Philadelphia",1584064,"cases",835.142857142857,527.215350606325
2020-11-14,318,"Philadelphia",1584064,"cases",859.714285714286,542.72698938571
2020-11-15,319,"Philadelphia",1584064,"cases",978.142857142857,617.489480944493
2020-11-16,320,"Philadelphia",1584064,"cases",928.428571428571,586.105467600155
2020-11-17,321,"Philadelphia",1584064,"cases",908.285714285714,573.389531158914
2020-11-18,322,"Philadelphia",1584064,"cases",908.285714285714,573.389531158914
2020-11-19,323,"Philadelphia",1584064,"cases",908.285714285714,573.389531158914
2020-11-20,324,"Philadelphia",1584064,"cases",885.142857142857,558.779731843446
2020-11-21,325,"Philadelphia",1584064,"cases",892.571428571429,563.469297055819
2020-11-22,326,"Philadelphia",1584064,"cases",951.571428571429,600.715266915622
2020-11-23,327,"Philadelphia",1584064,"cases",835.714285714286,527.576086391892
2020-11-24,328,"Philadelphia",1584064,"cases",914.714285714286,577.447808746544
2020-11-25,329,"Philadelphia",1584064,"cases",914.714285714286,577.447808746544
2020-11-26,330,"Philadelphia",1584064,"cases",914.714285714286,577.447808746544
2020-11-27,331,"Philadelphia",1584064,"cases",826.428571428571,521.714129876426
2020-11-28,332,"Philadelphia",1584064,"cases",760.428571428571,480.049146643426
2020-11-29,333,"Philadelphia",1584064,"cases",824,520.181002787766
2020-11-30,334,"Philadelphia",1584064,"cases",944.857142857143,596.476621435209
2020-12-01,335,"Philadelphia",1584064,"cases",975.714285714286,615.956353855833
2020-12-02,336,"Philadelphia",1584064,"cases",975.714285714286,615.956353855833
2020-12-03,337,"Philadelphia",1584064,"cases",975.714285714286,615.956353855833
2020-12-04,338,"Philadelphia",1584064,"cases",1112.85714285714,702.532942391938
2020-12-05,339,"Philadelphia",1584064,"cases",1235.14285714286,779.730400503298
2020-12-06,340,"Philadelphia",1584064,"cases",1138.71428571429,718.85623668885
2020-12-07,341,"Philadelphia",1584064,"cases",1155.57142857143,729.497942363079
2020-12-08,342,"Philadelphia",1584064,"cases",1047.42857142857,661.228694944504
2020-12-09,343,"Philadelphia",1584064,"cases",1047.42857142857,661.228694944504
2020-12-10,344,"Philadelphia",1584064,"cases",1047.42857142857,661.228694944504
2020-12-11,345,"Philadelphia",1584064,"cases",958,604.773544503252
2020-12-12,346,"Philadelphia",1584064,"cases",932,588.360066259949
2020-12-13,347,"Philadelphia",1584064,"cases",922.857142857143,582.588293690876
2020-12-14,348,"Philadelphia",1584064,"cases",924,583.30976526201
2020-12-15,349,"Philadelphia",1584064,"cases",869.571428571429,548.949681686743
2020-12-16,350,"Philadelphia",1584064,"cases",869.571428571429,548.949681686743
2020-12-17,351,"Philadelphia",1584064,"cases",869.571428571429,548.949681686743
2020-12-18,352,"Philadelphia",1584064,"cases",869.571428571429,548.949681686743
2020-12-19,353,"Philadelphia",1584064,"cases",869.571428571429,548.949681686743
2020-12-20,354,"Philadelphia",1584064,"cases",869.571428571429,548.949681686743
2020-01-01,0,"Philadelphia",1584064,"deaths",0,0
2020-01-02,1,"Philadelphia",1584064,"deaths",0,0
2020-01-03,2,"Philadelphia",1584064,"deaths",0,0
2020-01-04,3,"Philadelphia",1584064,"deaths",0,0
2020-01-05,4,"Philadelphia",1584064,"deaths",0,0
2020-01-06,5,"Philadelphia",1584064,"deaths",0,0
2020-01-07,6,"Philadelphia",1584064,"deaths",0,0
2020-01-08,7,"Philadelphia",1584064,"deaths",0,0
2020-01-09,8,"Philadelphia",1584064,"deaths",0,0
2020-01-10,9,"Philadelphia",1584064,"deaths",0,0
2020-01-11,10,"Philadelphia",1584064,"deaths",0,0
2020-01-12,11,"Philadelphia",1584064,"deaths",0,0
2020-01-13,12,"Philadelphia",1584064,"deaths",0,0
2020-01-14,13,"Philadelphia",1584064,"deaths",0,0
2020-01-15,14,"Philadelphia",1584064,"deaths",0,0
2020-01-16,15,"Philadelphia",1584064,"deaths",0,0
2020-01-17,16,"Philadelphia",1584064,"deaths",0,0
2020-01-18,17,"Philadelphia",1584064,"deaths",0,0
2020-01-19,18,"Philadelphia",1584064,"deaths",0,0
2020-01-20,19,"Philadelphia",1584064,"deaths",0,0
2020-01-21,20,"Philadelphia",1584064,"deaths",0,0
2020-01-22,21,"Philadelphia",1584064,"deaths",0,0
2020-01-23,22,"Philadelphia",1584064,"deaths",0,0
2020-01-24,23,"Philadelphia",1584064,"deaths",0,0
2020-01-25,24,"Philadelphia",1584064,"deaths",0,0
2020-01-26,25,"Philadelphia",1584064,"deaths",0,0
2020-01-27,26,"Philadelphia",1584064,"deaths",0,0
2020-01-28,27,"Philadelphia",1584064,"deaths",0,0
2020-01-29,28,"Philadelphia",1584064,"deaths",0,0
2020-01-30,29,"Philadelphia",1584064,"deaths",0,0
2020-01-31,30,"Philadelphia",1584064,"deaths",0,0
2020-02-01,31,"Philadelphia",1584064,"deaths",0,0
2020-02-02,32,"Philadelphia",1584064,"deaths",0,0
2020-02-03,33,"Philadelphia",1584064,"deaths",0,0
2020-02-04,34,"Philadelphia",1584064,"deaths",0,0
2020-02-05,35,"Philadelphia",1584064,"deaths",0,0
2020-02-06,36,"Philadelphia",1584064,"deaths",0,0
2020-02-07,37,"Philadelphia",1584064,"deaths",0,0
2020-02-08,38,"Philadelphia",1584064,"deaths",0,0
2020-02-09,39,"Philadelphia",1584064,"deaths",0,0
2020-02-10,40,"Philadelphia",1584064,"deaths",0,0
2020-02-11,41,"Philadelphia",1584064,"deaths",0,0
2020-02-12,42,"Philadelphia",1584064,"deaths",0,0
2020-02-13,43,"Philadelphia",1584064,"deaths",0,0
2020-02-14,44,"Philadelphia",1584064,"deaths",0,0
2020-02-15,45,"Philadelphia",1584064,"deaths",0,0
2020-02-16,46,"Philadelphia",1584064,"deaths",0,0
2020-02-17,47,"Philadelphia",1584064,"deaths",0,0
2020-02-18,48,"Philadelphia",1584064,"deaths",0,0
2020-02-19,49,"Philadelphia",1584064,"deaths",0,0
2020-02-20,50,"Philadelphia",1584064,"deaths",0,0
2020-02-21,51,"Philadelphia",1584064,"deaths",0,0
2020-02-22,52,"Philadelphia",1584064,"deaths",0,0
2020-02-23,53,"Philadelphia",1584064,"deaths",0,0
2020-02-24,54,"Philadelphia",1584064,"deaths",0,0
2020-02-25,55,"Philadelphia",1584064,"deaths",0,0
2020-02-26,56,"Philadelphia",1584064,"deaths",0,0
2020-02-27,57,"Philadelphia",1584064,"deaths",0,0
2020-02-28,58,"Philadelphia",1584064,"deaths",0,0
2020-02-29,59,"Philadelphia",1584064,"deaths",0,0
2020-03-01,60,"Philadelphia",1584064,"deaths",0,0
2020-03-02,61,"Philadelphia",1584064,"deaths",0,0
2020-03-03,62,"Philadelphia",1584064,"deaths",0,0
2020-03-04,63,"Philadelphia",1584064,"deaths",0,0
2020-03-05,64,"Philadelphia",1584064,"deaths",0,0
2020-03-06,65,"Philadelphia",1584064,"deaths",0,0
2020-03-07,66,"Philadelphia",1584064,"deaths",0,0
2020-03-08,67,"Philadelphia",1584064,"deaths",0,0
2020-03-09,68,"Philadelphia",1584064,"deaths",0,0
2020-03-10,69,"Philadelphia",1584064,"deaths",0,0
2020-03-11,70,"Philadelphia",1584064,"deaths",0,0
2020-03-12,71,"Philadelphia",1584064,"deaths",0,0
2020-03-13,72,"Philadelphia",1584064,"deaths",0,0
2020-03-14,73,"Philadelphia",1584064,"deaths",0,0
2020-03-15,74,"Philadelphia",1584064,"deaths",0,0
2020-03-16,75,"Philadelphia",1584064,"deaths",0,0
2020-03-17,76,"Philadelphia",1584064,"deaths",0,0
2020-03-18,77,"Philadelphia",1584064,"deaths",0,0
2020-03-19,78,"Philadelphia",1584064,"deaths",0,0
2020-03-20,79,"Philadelphia",1584064,"deaths",0,0
2020-03-21,80,"Philadelphia",1584064,"deaths",0,0
2020-03-22,81,"Philadelphia",1584064,"deaths",0.142857142857143,0.0901839463917764
2020-03-23,82,"Philadelphia",1584064,"deaths",0.142857142857143,0.0901839463917764
2020-03-24,83,"Philadelphia",1584064,"deaths",0.285714285714286,0.180367892783553
2020-03-25,84,"Philadelphia",1584064,"deaths",0.714285714285714,0.450919731958882
2020-03-26,85,"Philadelphia",1584064,"deaths",0.714285714285714,0.450919731958882
2020-03-27,86,"Philadelphia",1584064,"deaths",1,0.631287624742435
2020-03-28,87,"Philadelphia",1584064,"deaths",2,1.26257524948487
2020-03-29,88,"Philadelphia",1584064,"deaths",1.85714285714286,1.17239130309309
2020-03-30,89,"Philadelphia",1584064,"deaths",1.85714285714286,1.17239130309309
2020-03-31,90,"Philadelphia",1584064,"deaths",1.71428571428571,1.08220735670132
2020-04-01,91,"Philadelphia",1584064,"deaths",2.71428571428571,1.71349498144375
2020-04-02,92,"Philadelphia",1584064,"deaths",3.28571428571429,2.07423076701086
2020-04-03,93,"Philadelphia",1584064,"deaths",3,1.8938628742273
2020-04-04,94,"Philadelphia",1584064,"deaths",6.28571428571429,3.96809364123816
2020-04-05,95,"Philadelphia",1584064,"deaths",10.2857142857143,6.4932441402079
2020-04-06,96,"Philadelphia",1584064,"deaths",10.2857142857143,6.4932441402079
2020-04-07,97,"Philadelphia",1584064,"deaths",13.7142857142857,8.65765885361053
2020-04-08,98,"Philadelphia",1584064,"deaths",13.5714285714286,8.56747490721876
2020-04-09,99,"Philadelphia",1584064,"deaths",13.5714285714286,8.56747490721876
2020-04-10,100,"Philadelphia",1584064,"deaths",14.1428571428571,8.92821069278586
2020-04-11,101,"Philadelphia",1584064,"deaths",21.1428571428571,13.3472240659829
2020-04-12,102,"Philadelphia",1584064,"deaths",19.4285714285714,12.2650167092816
2020-04-13,103,"Philadelphia",1584064,"deaths",25.4285714285714,16.0527424577362
2020-04-14,104,"Philadelphia",1584064,"deaths",26.8571428571429,16.954581921654
2020-04-15,105,"Philadelphia",1584064,"deaths",31.8571428571429,20.1110200453661
2020-04-16,106,"Philadelphia",1584064,"deaths",34.5714285714286,21.8245150268099
2020-04-17,107,"Philadelphia",1584064,"deaths",34.7142857142857,21.9146989732017
2020-04-18,108,"Philadelphia",1584064,"deaths",26.8571428571429,16.954581921654
2020-04-19,109,"Philadelphia",1584064,"deaths",28.1428571428571,17.7662374391799
2020-04-20,110,"Philadelphia",1584064,"deaths",25.5714285714286,16.142926404128
2020-04-21,111,"Philadelphia",1584064,"deaths",21.5714285714286,13.6177759051582
2020-04-22,112,"Philadelphia",1584064,"deaths",17.7142857142857,11.1828093525803
2020-04-23,113,"Philadelphia",1584064,"deaths",15.2857142857143,9.64968226392007
2020-04-24,114,"Philadelphia",1584064,"deaths",16.2857142857143,10.2809698886625
2020-04-25,115,"Philadelphia",1584064,"deaths",17.4285714285714,11.0024414597967
2020-04-26,116,"Philadelphia",1584064,"deaths",13.8571428571429,8.74784280000231
2020-04-27,117,"Philadelphia",1584064,"deaths",23.4285714285714,14.7901672082513
2020-04-28,118,"Philadelphia",1584064,"deaths",27,17.0447658680457
2020-04-29,119,"Philadelphia",1584064,"deaths",34.1428571428571,21.5539631876346
2020-04-30,120,"Philadelphia",1584064,"deaths",34.8571428571429,22.0048829195934
2020-05-01,121,"Philadelphia",1584064,"deaths",34.5714285714286,21.8245150268099
2020-05-02,122,"Philadelphia",1584064,"deaths",32.4285714285714,20.4717558309332
2020-05-03,123,"Philadelphia",1584064,"deaths",41,25.8827926144398
2020-05-04,124,"Philadelphia",1584064,"deaths",29.8571428571429,18.8484447958813
2020-05-05,125,"Philadelphia",1584064,"deaths",33.8571428571429,21.373595294851
2020-05-06,126,"Philadelphia",1584064,"deaths",26.5714285714286,16.7742140288704
2020-05-07,127,"Philadelphia",1584064,"deaths",25.1428571428571,15.8723745649526
2020-05-08,128,"Philadelphia",1584064,"deaths",23.8571428571429,15.0607190474267
2020-05-09,129,"Philadelphia",1584064,"deaths",23.5714285714286,14.8803511546431
2020-05-10,130,"Philadelphia",1584064,"deaths",26.1428571428571,16.5036621896951
2020-05-11,131,"Philadelphia",1584064,"deaths",27.4285714285714,17.3153177072211
2020-05-12,132,"Philadelphia",1584064,"deaths",20.8571428571429,13.1668561731994
2020-05-13,133,"Philadelphia",1584064,"deaths",20,12.6257524948487
2020-05-14,134,"Philadelphia",1584064,"deaths",19.8571428571429,12.5355685484569
2020-05-15,135,"Philadelphia",1584064,"deaths",26.7142857142857,16.8643979752622
2020-05-16,136,"Philadelphia",1584064,"deaths",28.7142857142857,18.1269732247471
2020-05-17,137,"Philadelphia",1584064,"deaths",23.7142857142857,14.9705351010349
2020-05-18,138,"Philadelphia",1584064,"deaths",24.2857142857143,15.331270886602
2020-05-19,139,"Philadelphia",1584064,"deaths",28.5714285714286,18.0367892783553
2020-05-20,140,"Philadelphia",1584064,"deaths",28.8571428571429,18.2171571711388
2020-05-21,141,"Philadelphia",1584064,"deaths",28.8571428571429,18.2171571711388
2020-05-22,142,"Philadelphia",1584064,"deaths",22.1428571428571,13.9785116907253
2020-05-23,143,"Philadelphia",1584064,"deaths",19.1428571428571,12.084648816498
2020-05-24,144,"Philadelphia",1584064,"deaths",15.7142857142857,9.9202341030954
2020-05-25,145,"Philadelphia",1584064,"deaths",14.8571428571429,9.37913042474474
2020-05-26,146,"Philadelphia",1584064,"deaths",11.2857142857143,7.12453176495034
2020-05-27,147,"Philadelphia",1584064,"deaths",10.7142857142857,6.76379597938323
2020-05-28,148,"Philadelphia",1584064,"deaths",11.8571428571429,7.48526755051744
2020-05-29,149,"Philadelphia",1584064,"deaths",12.1428571428571,7.66563544330099
2020-05-30,150,"Philadelphia",1584064,"deaths",14.7142857142857,9.28894647835297
2020-05-31,151,"Philadelphia",1584064,"deaths",13.8571428571429,8.74784280000231
2020-06-01,152,"Philadelphia",1584064,"deaths",16,10.100601995879
2020-06-02,153,"Philadelphia",1584064,"deaths",15.8571428571429,10.0104180494872
2020-06-03,154,"Philadelphia",1584064,"deaths",15.1428571428571,9.55949831752829
2020-06-04,155,"Philadelphia",1584064,"deaths",14.8571428571429,9.37913042474474
2020-06-05,156,"Philadelphia",1584064,"deaths",14.4285714285714,9.10857858556941
2020-06-06,157,"Philadelphia",1584064,"deaths",12.8571428571429,8.11655517525987
2020-06-07,158,"Philadelphia",1584064,"deaths",13.5714285714286,8.56747490721876
2020-06-08,159,"Philadelphia",1584064,"deaths",11,6.94416387216678
2020-06-09,160,"Philadelphia",1584064,"deaths",10.8571428571429,6.85397992577501
2020-06-10,161,"Philadelphia",1584064,"deaths",12.5714285714286,7.93618728247632
2020-06-11,162,"Philadelphia",1584064,"deaths",12.1428571428571,7.66563544330099
2020-06-12,163,"Philadelphia",1584064,"deaths",12.5714285714286,7.93618728247632
2020-06-13,164,"Philadelphia",1584064,"deaths",11.7142857142857,7.39508360412566
2020-06-14,165,"Philadelphia",1584064,"deaths",10.5714285714286,6.67361203299145
2020-06-15,166,"Philadelphia",1584064,"deaths",9.85714285714286,6.22269230103257
2020-06-16,167,"Philadelphia",1584064,"deaths",9,5.68158862268191
2020-06-17,168,"Philadelphia",1584064,"deaths",7.14285714285714,4.50919731958882
2020-06-18,169,"Philadelphia",1584064,"deaths",6.85714285714286,4.32882942680527
2020-06-19,170,"Philadelphia",1584064,"deaths",6.28571428571429,3.96809364123816
2020-06-20,171,"Philadelphia",1584064,"deaths",6.57142857142857,4.14846153402171
2020-06-21,172,"Philadelphia",1584064,"deaths",6.85714285714286,4.32882942680527
2020-06-22,173,"Philadelphia",1584064,"deaths",6.14285714285714,3.87790969484638
2020-06-23,174,"Philadelphia",1584064,"deaths",5.28571428571429,3.33680601649573
2020-06-24,175,"Philadelphia",1584064,"deaths",5.57142857142857,3.51717390927928
2020-06-25,176,"Philadelphia",1584064,"deaths",5.57142857142857,3.51717390927928
2020-06-26,177,"Philadelphia",1584064,"deaths",6,3.78772574845461
2020-06-27,178,"Philadelphia",1584064,"deaths",6,3.78772574845461
2020-06-28,179,"Philadelphia",1584064,"deaths",4.71428571428571,2.97607023092862
2020-06-29,180,"Philadelphia",1584064,"deaths",4.57142857142857,2.88588628453684
2020-06-30,181,"Philadelphia",1584064,"deaths",4.57142857142857,2.88588628453684
2020-07-01,182,"Philadelphia",1584064,"deaths",4,2.52515049896974
2020-07-02,183,"Philadelphia",1584064,"deaths",3.85714285714286,2.43496655257796
2020-07-03,184,"Philadelphia",1584064,"deaths",3.42857142857143,2.16441471340263
2020-07-04,185,"Philadelphia",1584064,"deaths",2.14285714285714,1.35275919587665
2020-07-05,186,"Philadelphia",1584064,"deaths",2.71428571428571,1.71349498144375
2020-07-06,187,"Philadelphia",1584064,"deaths",2.57142857142857,1.62331103505198
2020-07-07,188,"Philadelphia",1584064,"deaths",2.28571428571429,1.44294314226842
2020-07-08,189,"Philadelphia",1584064,"deaths",2.42857142857143,1.5331270886602
2020-07-09,190,"Philadelphia",1584064,"deaths",2.57142857142857,1.62331103505198
2020-07-10,191,"Philadelphia",1584064,"deaths",3,1.8938628742273
2020-07-11,192,"Philadelphia",1584064,"deaths",3.57142857142857,2.25459865979441
2020-07-12,193,"Philadelphia",1584064,"deaths",3.57142857142857,2.25459865979441
2020-07-13,194,"Philadelphia",1584064,"deaths",4.42857142857143,2.79570233814507
2020-07-14,195,"Philadelphia",1584064,"deaths",4.28571428571429,2.70551839175329
2020-07-15,196,"Philadelphia",1584064,"deaths",4.14285714285714,2.61533444536152
2020-07-16,197,"Philadelphia",1584064,"deaths",4,2.52515049896974
2020-07-17,198,"Philadelphia",1584064,"deaths",3.57142857142857,2.25459865979441
2020-07-18,199,"Philadelphia",1584064,"deaths",2.85714285714286,1.80367892783553
2020-07-19,200,"Philadelphia",1584064,"deaths",2.85714285714286,1.80367892783553
2020-07-20,201,"Philadelphia",1584064,"deaths",1.57142857142857,0.99202341030954
2020-07-21,202,"Philadelphia",1584064,"deaths",1.57142857142857,0.99202341030954
2020-07-22,203,"Philadelphia",1584064,"deaths",1.57142857142857,0.99202341030954
2020-07-23,204,"Philadelphia",1584064,"deaths",1.57142857142857,0.99202341030954
2020-07-24,205,"Philadelphia",1584064,"deaths",1.85714285714286,1.17239130309309
2020-07-25,206,"Philadelphia",1584064,"deaths",1.71428571428571,1.08220735670132
2020-07-26,207,"Philadelphia",1584064,"deaths",1,0.631287624742435
2020-07-27,208,"Philadelphia",1584064,"deaths",1.42857142857143,0.901839463917764
2020-07-28,209,"Philadelphia",1584064,"deaths",2,1.26257524948487
2020-07-29,210,"Philadelphia",1584064,"deaths",2,1.26257524948487
2020-07-30,211,"Philadelphia",1584064,"deaths",2,1.26257524948487
2020-07-31,212,"Philadelphia",1584064,"deaths",2,1.26257524948487
2020-08-01,213,"Philadelphia",1584064,"deaths",2.42857142857143,1.5331270886602
2020-08-02,214,"Philadelphia",1584064,"deaths",2.14285714285714,1.35275919587665
2020-08-03,215,"Philadelphia",1584064,"deaths",1.85714285714286,1.17239130309309
2020-08-04,216,"Philadelphia",1584064,"deaths",1.71428571428571,1.08220735670132
2020-08-05,217,"Philadelphia",1584064,"deaths",1.85714285714286,1.17239130309309
2020-08-06,218,"Philadelphia",1584064,"deaths",1.85714285714286,1.17239130309309
2020-08-07,219,"Philadelphia",1584064,"deaths",1.71428571428571,1.08220735670132
2020-08-08,220,"Philadelphia",1584064,"deaths",2.14285714285714,1.35275919587665
2020-08-09,221,"Philadelphia",1584064,"deaths",3,1.8938628742273
2020-08-10,222,"Philadelphia",1584064,"deaths",3.85714285714286,2.43496655257796
2020-08-11,223,"Philadelphia",1584064,"deaths",3.71428571428571,2.34478260618619
2020-08-12,224,"Philadelphia",1584064,"deaths",4.14285714285714,2.61533444536152
2020-08-13,225,"Philadelphia",1584064,"deaths",4.28571428571429,2.70551839175329
2020-08-14,226,"Philadelphia",1584064,"deaths",4.14285714285714,2.61533444536152
2020-08-15,227,"Philadelphia",1584064,"deaths",4.71428571428571,2.97607023092862
2020-08-16,228,"Philadelphia",1584064,"deaths",5,3.15643812371217
2020-08-17,229,"Philadelphia",1584064,"deaths",4.14285714285714,2.61533444536152
2020-08-18,230,"Philadelphia",1584064,"deaths",4.28571428571429,2.70551839175329
2020-08-19,231,"Philadelphia",1584064,"deaths",3.71428571428571,2.34478260618619
2020-08-20,232,"Philadelphia",1584064,"deaths",3.57142857142857,2.25459865979441
2020-08-21,233,"Philadelphia",1584064,"deaths",3.57142857142857,2.25459865979441
2020-08-22,234,"Philadelphia",1584064,"deaths",2.28571428571429,1.44294314226842
2020-08-23,235,"Philadelphia",1584064,"deaths",1.57142857142857,0.99202341030954
2020-08-24,236,"Philadelphia",1584064,"deaths",1.57142857142857,0.99202341030954
2020-08-25,237,"Philadelphia",1584064,"deaths",1.14285714285714,0.721471571134211
2020-08-26,238,"Philadelphia",1584064,"deaths",1.28571428571429,0.811655517525988
2020-08-27,239,"Philadelphia",1584064,"deaths",1.28571428571429,0.811655517525988
2020-08-28,240,"Philadelphia",1584064,"deaths",1.28571428571429,0.811655517525988
2020-08-29,241,"Philadelphia",1584064,"deaths",1.28571428571429,0.811655517525988
2020-08-30,242,"Philadelphia",1584064,"deaths",1,0.631287624742435
2020-08-31,243,"Philadelphia",1584064,"deaths",0.857142857142857,0.541103678350658
2020-09-01,244,"Philadelphia",1584064,"deaths",0.714285714285714,0.450919731958882
2020-09-02,245,"Philadelphia",1584064,"deaths",0.857142857142857,0.541103678350658
2020-09-03,246,"Philadelphia",1584064,"deaths",0.857142857142857,0.541103678350658
2020-09-04,247,"Philadelphia",1584064,"deaths",1.28571428571429,0.811655517525988
2020-09-05,248,"Philadelphia",1584064,"deaths",1.57142857142857,0.99202341030954
2020-09-06,249,"Philadelphia",1584064,"deaths",1.42857142857143,0.901839463917764
2020-09-07,250,"Philadelphia",1584064,"deaths",1.42857142857143,0.901839463917764
2020-09-08,251,"Philadelphia",1584064,"deaths",1.85714285714286,1.17239130309309
2020-09-09,252,"Philadelphia",1584064,"deaths",1.57142857142857,0.99202341030954
2020-09-10,253,"Philadelphia",1584064,"deaths",1.57142857142857,0.99202341030954
2020-09-11,254,"Philadelphia",1584064,"deaths",2,1.26257524948487
2020-09-12,255,"Philadelphia",1584064,"deaths",1.85714285714286,1.17239130309309
2020-09-13,256,"Philadelphia",1584064,"deaths",2.57142857142857,1.62331103505198
2020-09-14,257,"Philadelphia",1584064,"deaths",2.42857142857143,1.5331270886602
2020-09-15,258,"Philadelphia",1584064,"deaths",2.71428571428571,1.71349498144375
2020-09-16,259,"Philadelphia",1584064,"deaths",3,1.8938628742273
2020-09-17,260,"Philadelphia",1584064,"deaths",3.57142857142857,2.25459865979441
2020-09-18,261,"Philadelphia",1584064,"deaths",2.71428571428571,1.71349498144375
2020-09-19,262,"Philadelphia",1584064,"deaths",2.85714285714286,1.80367892783553
2020-09-20,263,"Philadelphia",1584064,"deaths",2.85714285714286,1.80367892783553
2020-09-21,264,"Philadelphia",1584064,"deaths",2.85714285714286,1.80367892783553
2020-09-22,265,"Philadelphia",1584064,"deaths",2.14285714285714,1.35275919587665
2020-09-23,266,"Philadelphia",1584064,"deaths",2.28571428571429,1.44294314226842
2020-09-24,267,"Philadelphia",1584064,"deaths",1.71428571428571,1.08220735670132
2020-09-25,268,"Philadelphia",1584064,"deaths",1.71428571428571,1.08220735670132
2020-09-26,269,"Philadelphia",1584064,"deaths",1.71428571428571,1.08220735670132
2020-09-27,270,"Philadelphia",1584064,"deaths",1.28571428571429,0.811655517525988
2020-09-28,271,"Philadelphia",1584064,"deaths",2,1.26257524948487
2020-09-29,272,"Philadelphia",1584064,"deaths",2.42857142857143,1.5331270886602
2020-09-30,273,"Philadelphia",1584064,"deaths",2.14285714285714,1.35275919587665
2020-10-01,274,"Philadelphia",1584064,"deaths",2.42857142857143,1.5331270886602
2020-10-02,275,"Philadelphia",1584064,"deaths",2.57142857142857,1.62331103505198
2020-10-03,276,"Philadelphia",1584064,"deaths",2.42857142857143,1.5331270886602
2020-10-04,277,"Philadelphia",1584064,"deaths",2.57142857142857,1.62331103505198
2020-10-05,278,"Philadelphia",1584064,"deaths",2.42857142857143,1.5331270886602
2020-10-06,279,"Philadelphia",1584064,"deaths",2.14285714285714,1.35275919587665
2020-10-07,280,"Philadelphia",1584064,"deaths",2.57142857142857,1.62331103505198
2020-10-08,281,"Philadelphia",1584064,"deaths",2.28571428571429,1.44294314226842
2020-10-09,282,"Philadelphia",1584064,"deaths",2.28571428571429,1.44294314226842
2020-10-10,283,"Philadelphia",1584064,"deaths",2.14285714285714,1.35275919587665
2020-10-11,284,"Philadelphia",1584064,"deaths",1.85714285714286,1.17239130309309
2020-10-12,285,"Philadelphia",1584064,"deaths",1.71428571428571,1.08220735670132
2020-10-13,286,"Philadelphia",1584064,"deaths",2.14285714285714,1.35275919587665
2020-10-14,287,"Philadelphia",1584064,"deaths",1.71428571428571,1.08220735670132
2020-10-15,288,"Philadelphia",1584064,"deaths",1.71428571428571,1.08220735670132
2020-10-16,289,"Philadelphia",1584064,"deaths",1.71428571428571,1.08220735670132
2020-10-17,290,"Philadelphia",1584064,"deaths",1.57142857142857,0.99202341030954
2020-10-18,291,"Philadelphia",1584064,"deaths",1.57142857142857,0.99202341030954
2020-10-19,292,"Philadelphia",1584064,"deaths",1.42857142857143,0.901839463917764
2020-10-20,293,"Philadelphia",1584064,"deaths",1.14285714285714,0.721471571134211
2020-10-21,294,"Philadelphia",1584064,"deaths",1.14285714285714,0.721471571134211
2020-10-22,295,"Philadelphia",1584064,"deaths",1.28571428571429,0.811655517525988
2020-10-23,296,"Philadelphia",1584064,"deaths",1.28571428571429,0.811655517525988
2020-10-24,297,"Philadelphia",1584064,"deaths",1.85714285714286,1.17239130309309
2020-10-25,298,"Philadelphia",1584064,"deaths",2,1.26257524948487
2020-10-26,299,"Philadelphia",1584064,"deaths",2.71428571428571,1.71349498144375
2020-10-27,300,"Philadelphia",1584064,"deaths",2.42857142857143,1.5331270886602
2020-10-28,301,"Philadelphia",1584064,"deaths",2.57142857142857,1.62331103505198
2020-10-29,302,"Philadelphia",1584064,"deaths",2.71428571428571,1.71349498144375
2020-10-30,303,"Philadelphia",1584064,"deaths",2.57142857142857,1.62331103505198
2020-10-31,304,"Philadelphia",1584064,"deaths",2.42857142857143,1.5331270886602
2020-11-01,305,"Philadelphia",1584064,"deaths",2.57142857142857,1.62331103505198
2020-11-02,306,"Philadelphia",1584064,"deaths",1.71428571428571,1.08220735670132
2020-11-03,307,"Philadelphia",1584064,"deaths",2.14285714285714,1.35275919587665
2020-11-04,308,"Philadelphia",1584064,"deaths",2.14285714285714,1.35275919587665
2020-11-05,309,"Philadelphia",1584064,"deaths",2,1.26257524948487
2020-11-06,310,"Philadelphia",1584064,"deaths",2.14285714285714,1.35275919587665
2020-11-07,311,"Philadelphia",1584064,"deaths",2.14285714285714,1.35275919587665
2020-11-08,312,"Philadelphia",1584064,"deaths",2,1.26257524948487
2020-11-09,313,"Philadelphia",1584064,"deaths",2.57142857142857,1.62331103505198
2020-11-10,314,"Philadelphia",1584064,"deaths",3.28571428571429,2.07423076701086
2020-11-11,315,"Philadelphia",1584064,"deaths",3.85714285714286,2.43496655257796
2020-11-12,316,"Philadelphia",1584064,"deaths",3.71428571428571,2.34478260618619
2020-11-13,317,"Philadelphia",1584064,"deaths",3.71428571428571,2.34478260618619
2020-11-14,318,"Philadelphia",1584064,"deaths",3.85714285714286,2.43496655257796
2020-11-15,319,"Philadelphia",1584064,"deaths",5.28571428571429,3.33680601649573
2020-11-16,320,"Philadelphia",1584064,"deaths",5.85714285714286,3.69754180206283
2020-11-17,321,"Philadelphia",1584064,"deaths",5.71428571428571,3.60735785567106
2020-11-18,322,"Philadelphia",1584064,"deaths",6.28571428571429,3.96809364123816
2020-11-19,323,"Philadelphia",1584064,"deaths",6.42857142857143,4.05827758762994
2020-11-20,324,"Philadelphia",1584064,"deaths",6.42857142857143,4.05827758762994
2020-11-21,325,"Philadelphia",1584064,"deaths",7.14285714285714,4.50919731958882
2020-11-22,326,"Philadelphia",1584064,"deaths",6.71428571428571,4.23864548041349
2020-11-23,327,"Philadelphia",1584064,"deaths",7.28571428571429,4.5993812659806
2020-11-24,328,"Philadelphia",1584064,"deaths",6.42857142857143,4.05827758762994
2020-11-25,329,"Philadelphia",1584064,"deaths",5.28571428571429,3.33680601649573
2020-11-26,330,"Philadelphia",1584064,"deaths",6.71428571428571,4.23864548041349
2020-11-27,331,"Philadelphia",1584064,"deaths",6.57142857142857,4.14846153402171
2020-11-28,332,"Philadelphia",1584064,"deaths",7.57142857142857,4.77974915876415
2020-11-29,333,"Philadelphia",1584064,"deaths",9.57142857142857,6.04232440824902
2020-11-30,334,"Philadelphia",1584064,"deaths",10.1428571428571,6.40306019381612
2020-12-01,335,"Philadelphia",1584064,"deaths",12.2857142857143,7.75581938969277
2020-12-02,336,"Philadelphia",1584064,"deaths",13,8.20673912165165
2020-12-03,337,"Philadelphia",1584064,"deaths",11.8571428571429,7.48526755051744
2020-12-04,338,"Philadelphia",1584064,"deaths",12.1428571428571,7.66563544330099
2020-12-05,339,"Philadelphia",1584064,"deaths",12.1428571428571,7.66563544330099
2020-12-06,340,"Philadelphia",1584064,"deaths",12,7.57545149690922
2020-12-07,341,"Philadelphia",1584064,"deaths",11.8571428571429,7.48526755051744
2020-12-08,342,"Philadelphia",1584064,"deaths",12.2857142857143,7.75581938969277
2020-12-09,343,"Philadelphia",1584064,"deaths",13,8.20673912165165
2020-12-10,344,"Philadelphia",1584064,"deaths",13.8571428571429,8.74784280000231
2020-12-11,345,"Philadelphia",1584064,"deaths",13.7142857142857,8.65765885361053
2020-12-12,346,"Philadelphia",1584064,"deaths",15.5714285714286,9.83005015670362
2020-12-13,347,"Philadelphia",1584064,"deaths",15,9.46931437113652
2020-12-14,348,"Philadelphia",1584064,"deaths",14.8571428571429,9.37913042474474
2020-12-15,349,"Philadelphia",1584064,"deaths",14,8.83802674639409
2020-12-16,350,"Philadelphia",1584064,"deaths",13.8571428571429,8.74784280000231
2020-12-17,351,"Philadelphia",1584064,"deaths",14.8571428571429,9.37913042474474
2020-12-18,352,"Philadelphia",1584064,"deaths",14.8571428571429,9.37913042474474
2020-12-19,353,"Philadelphia",1584064,"deaths",14.8571428571429,9.37913042474474
2020-12-20,354,"Philadelphia",1584064,"deaths",14.8571428571429,9.37913042474474
